ID,Category,Date,Steps Count,Calories Burned,Label
ID_1,Type A,1/1/2018,895,393.65,Negative
ID_2,Type D,1/2/2018,496,287.95,Positive
ID_3,Type D,1/3/2018,613,110.99,Negative
ID_4,Type D,1/4/2018,3,151.04,Neutral
ID_5,Type D,1/5/2018,160,308.41,Negative
ID_6,Type B,1/6/2018,3,109.71,Neutral
ID_7,Type B,1/7/2018,295,16.91,Positive
ID_8,Type D,1/8/2018,532,111.32,Neutral
ID_9,Type B,1/9/2018,950,446.22,Positive
ID_10,Type A,1/10/2018,180,199.65,Negative
ID_11,Type D,1/11/2018,290,277.75,Positive
ID_12,Type B,1/12/2018,445,108.99,Negative
ID_13,Type C,1/13/2018,932,305.66,Neutral
ID_14,Type A,1/14/2018,363,175.63,Positive
ID_15,Type D,1/15/2018,186,175.08,Positive
ID_16,Type C,1/16/2018,594,336.59,Positive
ID_17,Type D,1/17/2018,940,344.47,Neutral
ID_18,Type B,1/18/2018,258,43.02,Negative
ID_19,Type B,1/19/2018,143,90.83,Positive
ID_20,Type C,1/20/2018,47,208.45,Positive
ID_21,Type A,1/21/2018,89,320.46,Positive
ID_22,Type A,1/22/2018,200,310.63,Negative
ID_23,Type D,1/23/2018,267,394.45,Positive
ID_24,Type B,1/24/2018,196,499.7,Neutral
ID_25,Type B,1/25/2018,449,247.63,Negative
ID_26,Type C,1/26/2018,476,394.39,Positive
ID_27,Type A,1/27/2018,709,365.17,Positive
ID_28,Type B,1/28/2018,177,427.83,Positive
ID_29,Type D,1/29/2018,361,459.15,Negative
ID_30,Type B,1/30/2018,480,443.27,Negative
ID_31,Type A,1/31/2018,439,299.83,Positive
ID_32,Type C,2/1/2018,360,386.32,Negative
ID_33,Type B,2/2/2018,363,316.9,Positive
ID_34,Type D,2/3/2018,377,88.53,Neutral
ID_35,Type B,2/4/2018,449,208.92,Positive
ID_36,Type A,2/5/2018,871,315.81,Neutral
ID_37,Type C,2/6/2018,121,39.93,Positive
ID_38,Type D,2/7/2018,37,232.3,Neutral
ID_39,Type B,2/8/2018,108,66.9,Positive
ID_40,Type C,2/9/2018,565,115.41,Positive
ID_41,Type C,2/10/2018,973,133.13,Neutral
ID_42,Type A,2/11/2018,103,297.03,Neutral
ID_43,Type B,2/12/2018,16,221.2,Negative
ID_44,Type D,2/13/2018,638,473.92,Negative
ID_45,Type A,2/14/2018,759,318.55,Negative
ID_46,Type C,2/15/2018,160,337.01,Negative
ID_47,Type A,2/16/2018,270,432.83,Negative
ID_48,Type B,2/17/2018,292,290.93,Negative
ID_49,Type C,2/18/2018,595,457.94,Positive
ID_50,Type C,2/19/2018,615,402.63,Positive
ID_51,Type D,2/20/2018,745,170.89,Positive
ID_52,Type A,2/21/2018,755,146.33,Positive
ID_53,Type B,2/22/2018,784,267.27,Negative
ID_54,Type C,2/23/2018,308,162.13,Neutral
ID_55,Type A,2/24/2018,6,49.81,Negative
ID_56,Type D,2/25/2018,313,472.76,Positive
ID_57,Type B,2/26/2018,981,184.47,Negative
ID_58,Type C,2/27/2018,684,243.97,Positive
ID_59,Type C,2/28/2018,311,115.83,Positive
ID_60,Type A,3/1/2018,235,400.85,Neutral
ID_61,Type D,3/2/2018,247,350.91,Positive
ID_62,Type B,3/3/2018,74,279.53,Neutral
ID_63,Type B,3/4/2018,218,340.87,Positive
ID_64,Type B,3/5/2018,623,364.71,Neutral
ID_65,Type D,3/6/2018,388,102.77,Positive
ID_66,Type D,3/7/2018,95,328.85,Negative
ID_67,Type C,3/8/2018,81,270.27,Negative
ID_68,Type A,3/9/2018,387,456.02,Neutral
ID_69,Type B,3/10/2018,593,96.6,Positive
ID_70,Type B,3/11/2018,747,265.83,Negative
ID_71,Type D,3/12/2018,638,159.85,Negative
ID_72,Type C,3/13/2018,461,29.31,Positive
ID_73,Type A,3/14/2018,492,313.53,Positive
ID_74,Type C,3/15/2018,621,431.95,Negative
ID_75,Type A,3/16/2018,659,482.74,Positive
ID_76,Type A,3/17/2018,711,62.37,Neutral
ID_77,Type A,3/18/2018,620,209.17,Negative
ID_78,Type D,3/19/2018,538,31.41,Neutral
ID_79,Type B,3/20/2018,494,459.93,Positive
ID_80,Type C,3/21/2018,117,247.43,Positive
ID_81,Type B,3/22/2018,775,441.08,Neutral
ID_82,Type A,3/23/2018,371,239.34,Neutral
ID_83,Type C,3/24/2018,832,50.87,Positive
ID_84,Type D,3/25/2018,242,142.51,Neutral
ID_85,Type D,3/26/2018,686,194.57,Neutral
ID_86,Type C,3/27/2018,377,413.56,Neutral
ID_87,Type C,3/28/2018,418,470.87,Neutral
ID_88,Type A,3/29/2018,348,467.94,Positive
ID_89,Type A,3/30/2018,679,51.11,Positive
ID_90,Type D,3/31/2018,913,199.35,Negative
ID_91,Type C,4/1/2018,498,327.88,Negative
ID_92,Type C,4/2/2018,344,499.93,Neutral
ID_93,Type D,4/3/2018,337,458.58,Positive
ID_94,Type B,4/4/2018,241,14.93,Negative
ID_95,Type D,4/5/2018,901,39.27,Neutral
ID_96,Type C,4/6/2018,365,375.55,Positive
ID_97,Type B,4/7/2018,942,218.67,Neutral
ID_98,Type C,4/8/2018,334,420.26,Negative
ID_99,Type D,4/9/2018,247,372.58,Positive
ID_100,Type C,4/10/2018,567,312.05,Positive
ID_101,Type A,4/11/2018,336,257.51,Negative
ID_102,Type A,4/12/2018,577,269.96,Positive
ID_103,Type C,4/13/2018,741,407.8,Positive
ID_104,Type D,4/14/2018,433,245.1,Positive
ID_105,Type A,4/15/2018,64,182.75,Neutral
ID_106,Type D,4/16/2018,516,242.64,Negative
ID_107,Type D,4/17/2018,239,396.85,Negative
ID_108,Type C,4/18/2018,566,315.67,Neutral
ID_109,Type C,4/19/2018,648,99.29,Neutral
ID_110,Type B,4/20/2018,88,253.28,Positive
ID_111,Type A,4/21/2018,931,388.91,Positive
ID_112,Type A,4/22/2018,149,39.6,Neutral
ID_113,Type A,4/23/2018,800,431.91,Neutral
ID_114,Type B,4/24/2018,66,111.24,Neutral
ID_115,Type C,4/25/2018,626,328.48,Positive
ID_116,Type A,4/26/2018,604,102.72,Positive
ID_117,Type C,4/27/2018,933,292.07,Neutral
ID_118,Type C,4/28/2018,13,416.45,Negative
ID_119,Type D,4/29/2018,526,178.51,Neutral
ID_120,Type B,4/30/2018,903,283.15,Positive
ID_121,Type C,5/1/2018,488,406.52,Positive
ID_122,Type A,5/2/2018,981,266.13,Positive
ID_123,Type D,5/3/2018,800,57.56,Neutral
ID_124,Type A,5/4/2018,918,276.46,Positive
ID_125,Type D,5/5/2018,766,260.54,Negative
ID_126,Type A,5/6/2018,641,149.6,Positive
ID_127,Type C,5/7/2018,316,212.83,Neutral
ID_128,Type C,5/8/2018,229,312.39,Negative
ID_129,Type B,5/9/2018,823,480.85,Negative
ID_130,Type C,5/10/2018,841,419.02,Negative
ID_131,Type C,5/11/2018,640,314.04,Positive
ID_132,Type C,5/12/2018,619,229.28,Negative
ID_133,Type C,5/13/2018,527,418.31,Positive
ID_134,Type C,5/14/2018,924,107.62,Negative
ID_135,Type B,5/15/2018,195,297.22,Positive
ID_136,Type C,5/16/2018,561,446.01,Negative
ID_137,Type B,5/17/2018,887,260.17,Positive
ID_138,Type A,5/18/2018,215,444.44,Positive
ID_139,Type B,5/19/2018,180,253.87,Negative
ID_140,Type B,5/20/2018,822,419.67,Neutral
ID_141,Type C,5/21/2018,204,374.62,Neutral
ID_142,Type B,5/22/2018,332,494.12,Positive
ID_143,Type A,5/23/2018,616,410.51,Neutral
ID_144,Type D,5/24/2018,649,216.51,Positive
ID_145,Type C,5/25/2018,630,499,Positive
ID_146,Type B,5/26/2018,676,218.71,Neutral
ID_147,Type C,5/27/2018,634,347.8,Negative
ID_148,Type A,5/28/2018,291,293.72,Negative
ID_149,Type A,5/29/2018,211,424.59,Positive
ID_150,Type B,5/30/2018,400,299.13,Positive
ID_151,Type C,5/31/2018,83,23.45,Neutral
ID_152,Type A,6/1/2018,792,249.32,Positive
ID_153,Type B,6/2/2018,816,40.54,Negative
ID_154,Type A,6/3/2018,632,164.12,Positive
ID_155,Type B,6/4/2018,601,490.81,Neutral
ID_156,Type D,6/5/2018,598,171.6,Neutral
ID_157,Type C,6/6/2018,486,374.49,Neutral
ID_158,Type A,6/7/2018,827,11.58,Positive
ID_159,Type A,6/8/2018,434,58.54,Negative
ID_160,Type C,6/9/2018,890,419.16,Positive
ID_161,Type A,6/10/2018,436,363.51,Negative
ID_162,Type C,6/11/2018,17,199.32,Neutral
ID_163,Type A,6/12/2018,350,10.85,Negative
ID_164,Type B,6/13/2018,672,295.44,Negative
ID_165,Type D,6/14/2018,714,301.1,Positive
ID_166,Type D,6/15/2018,983,337.26,Positive
ID_167,Type C,6/16/2018,757,333.38,Negative
ID_168,Type A,6/17/2018,53,90.13,Negative
ID_169,Type D,6/18/2018,960,135.3,Neutral
ID_170,Type C,6/19/2018,821,123.82,Positive
ID_171,Type A,6/20/2018,948,13.92,Positive
ID_172,Type C,6/21/2018,74,35.65,Neutral
ID_173,Type D,6/22/2018,377,255.1,Positive
ID_174,Type D,6/23/2018,7,317.73,Negative
ID_175,Type D,6/24/2018,770,165.71,Negative
ID_176,Type D,6/25/2018,100,101.06,Neutral
ID_177,Type D,6/26/2018,585,262.16,Positive
ID_178,Type A,6/27/2018,658,180.84,Positive
ID_179,Type B,6/28/2018,165,280.88,Positive
ID_180,Type B,6/29/2018,828,154.18,Positive
ID_181,Type A,6/30/2018,851,337.76,Positive
ID_182,Type C,7/1/2018,697,249.24,Negative
ID_183,Type C,7/2/2018,364,77.75,Neutral
ID_184,Type C,7/3/2018,242,354.91,Negative
ID_185,Type C,7/4/2018,314,294.22,Neutral
ID_186,Type B,7/5/2018,792,410.97,Neutral
ID_187,Type B,7/6/2018,326,107.6,Negative
ID_188,Type A,7/7/2018,30,68.76,Neutral
ID_189,Type D,7/8/2018,596,372.23,Neutral
ID_190,Type D,7/9/2018,156,440.86,Positive
ID_191,Type B,7/10/2018,517,193.84,Neutral
ID_192,Type D,7/11/2018,268,200.47,Neutral
ID_193,Type C,7/12/2018,892,492.55,Neutral
ID_194,Type D,7/13/2018,442,391.81,Neutral
ID_195,Type C,7/14/2018,625,175.09,Positive
ID_196,Type C,7/15/2018,27,363.94,Positive
ID_197,Type D,7/16/2018,523,282.62,Negative
ID_198,Type C,7/17/2018,486,301.94,Negative
ID_199,Type B,7/18/2018,396,222.84,Positive
ID_200,Type D,7/19/2018,452,238.64,Neutral
ID_201,Type A,7/20/2018,447,141.07,Neutral
ID_202,Type D,7/21/2018,928,298.14,Neutral
ID_203,Type D,7/22/2018,884,51.87,Positive
ID_204,Type A,7/23/2018,711,157.81,Negative
ID_205,Type D,7/24/2018,599,60.56,Positive
ID_206,Type A,7/25/2018,886,288.48,Positive
ID_207,Type D,7/26/2018,955,128.37,Neutral
ID_208,Type B,7/27/2018,51,316.17,Neutral
ID_209,Type C,7/28/2018,968,159.48,Positive
ID_210,Type D,7/29/2018,762,337.78,Positive
ID_211,Type B,7/30/2018,875,447.35,Negative
ID_212,Type D,7/31/2018,480,110.82,Negative
ID_213,Type A,8/1/2018,956,374.16,Positive
ID_214,Type C,8/2/2018,671,306.65,Neutral
ID_215,Type D,8/3/2018,765,322.39,Positive
ID_216,Type C,8/4/2018,558,350.61,Positive
ID_217,Type B,8/5/2018,386,452.98,Positive
ID_218,Type C,8/6/2018,384,344.07,Positive
ID_219,Type D,8/7/2018,896,218.27,Neutral
ID_220,Type D,8/8/2018,661,478.01,Positive
ID_221,Type A,8/9/2018,455,432.47,Positive
ID_222,Type A,8/10/2018,845,489.29,Negative
ID_223,Type B,8/11/2018,90,482.14,Neutral
ID_224,Type B,8/12/2018,965,222.37,Neutral
ID_225,Type B,8/13/2018,423,335.23,Negative
ID_226,Type B,8/14/2018,659,90.61,Neutral
ID_227,Type A,8/15/2018,456,62.68,Negative
ID_228,Type A,8/16/2018,908,36.84,Positive
ID_229,Type D,8/17/2018,361,172.6,Neutral
ID_230,Type D,8/18/2018,861,22.78,Neutral
ID_231,Type A,8/19/2018,557,33.46,Negative
ID_232,Type A,8/20/2018,897,479.41,Positive
ID_233,Type B,8/21/2018,800,223.52,Neutral
ID_234,Type C,8/22/2018,903,326.19,Neutral
ID_235,Type B,8/23/2018,481,237.37,Positive
ID_236,Type D,8/24/2018,827,406.07,Neutral
ID_237,Type A,8/25/2018,555,461.31,Positive
ID_238,Type A,8/26/2018,166,184.69,Neutral
ID_239,Type D,8/27/2018,558,350.18,Negative
ID_240,Type B,8/28/2018,404,44.15,Positive
ID_241,Type C,8/29/2018,156,21.93,Positive
ID_242,Type B,8/30/2018,495,449.72,Neutral
ID_243,Type D,8/31/2018,957,124.17,Neutral
ID_244,Type C,9/1/2018,915,164.42,Positive
ID_245,Type C,9/2/2018,250,443.97,Negative
ID_246,Type B,9/3/2018,160,427.32,Negative
ID_247,Type B,9/4/2018,689,414.68,Positive
ID_248,Type A,9/5/2018,212,328.09,Positive
ID_249,Type C,9/6/2018,955,496.27,Neutral
ID_250,Type A,9/7/2018,172,205.21,Negative
ID_251,Type A,9/8/2018,90,422.68,Neutral
ID_252,Type C,9/9/2018,392,122.38,Negative
ID_253,Type D,9/10/2018,304,114.09,Positive
ID_254,Type C,9/11/2018,760,457.11,Positive
ID_255,Type C,9/12/2018,323,441.31,Neutral
ID_256,Type D,9/13/2018,138,474.56,Negative
ID_257,Type A,9/14/2018,471,282.98,Negative
ID_258,Type A,9/15/2018,124,319.16,Neutral
ID_259,Type D,9/16/2018,468,423.52,Neutral
ID_260,Type C,9/17/2018,478,161.05,Negative
ID_261,Type D,9/18/2018,82,426.27,Negative
ID_262,Type B,9/19/2018,353,61.06,Positive
ID_263,Type A,9/20/2018,426,384.52,Positive
ID_264,Type D,9/21/2018,758,70.2,Positive
ID_265,Type C,9/22/2018,367,93.95,Neutral
ID_266,Type C,9/23/2018,126,114.97,Negative
ID_267,Type B,9/24/2018,100,280.01,Neutral
ID_268,Type C,9/25/2018,666,38.81,Neutral
ID_269,Type C,9/26/2018,769,31.15,Positive
ID_270,Type D,9/27/2018,157,68.79,Positive
ID_271,Type A,9/28/2018,182,125.65,Negative
ID_272,Type B,9/29/2018,926,169.34,Positive
ID_273,Type D,9/30/2018,788,117.06,Positive
ID_274,Type D,10/1/2018,957,402.54,Positive
ID_275,Type D,10/2/2018,469,42.5,Negative
ID_276,Type B,10/3/2018,874,385.16,Neutral
ID_277,Type D,10/4/2018,652,161.08,Positive
ID_278,Type D,10/5/2018,431,248.74,Negative
ID_279,Type A,10/6/2018,914,379.22,Positive
ID_280,Type B,10/7/2018,695,349.65,Neutral
ID_281,Type D,10/8/2018,966,356.68,Neutral
ID_282,Type D,10/9/2018,222,80.03,Positive
ID_283,Type D,10/10/2018,157,195.29,Negative
ID_284,Type B,10/11/2018,312,451.7,Neutral
ID_285,Type A,10/12/2018,831,398.96,Negative
ID_286,Type A,10/13/2018,206,467.61,Negative
ID_287,Type D,10/14/2018,209,438.1,Negative
ID_288,Type C,10/15/2018,982,112.18,Negative
ID_289,Type D,10/16/2018,224,433.64,Negative
ID_290,Type A,10/17/2018,719,492.86,Positive
ID_291,Type C,10/18/2018,328,16.54,Negative
ID_292,Type A,10/19/2018,464,228.19,Positive
ID_293,Type B,10/20/2018,429,394.6,Neutral
ID_294,Type D,10/21/2018,712,453.47,Neutral
ID_295,Type A,10/22/2018,693,313.78,Negative
ID_296,Type A,10/23/2018,45,218.24,Positive
ID_297,Type A,10/24/2018,540,314.34,Negative
ID_298,Type B,10/25/2018,65,113.37,Neutral
ID_299,Type C,10/26/2018,890,431.97,Negative
ID_300,Type B,10/27/2018,592,214.91,Negative
ID_301,Type C,10/28/2018,18,126.47,Neutral
ID_302,Type A,10/29/2018,399,292.01,Positive
ID_303,Type D,10/30/2018,303,447.91,Negative
ID_304,Type A,10/31/2018,467,20.35,Positive
ID_305,Type A,11/1/2018,837,484.35,Negative
ID_306,Type A,11/2/2018,728,360.17,Negative
ID_307,Type C,11/3/2018,994,138.45,Positive
ID_308,Type D,11/4/2018,548,270.29,Positive
ID_309,Type B,11/5/2018,219,273.63,Neutral
ID_310,Type B,11/6/2018,784,81.04,Negative
ID_311,Type B,11/7/2018,693,203.39,Positive
ID_312,Type D,11/8/2018,269,380.88,Neutral
ID_313,Type B,11/9/2018,564,28.68,Neutral
ID_314,Type C,11/10/2018,405,311.88,Neutral
ID_315,Type C,11/11/2018,840,217.94,Negative
ID_316,Type A,11/12/2018,86,487.5,Positive
ID_317,Type C,11/13/2018,924,485.43,Negative
ID_318,Type A,11/14/2018,491,282.4,Negative
ID_319,Type B,11/15/2018,586,21.7,Neutral
ID_320,Type B,11/16/2018,26,212.64,Neutral
ID_321,Type D,11/17/2018,488,471.76,Positive
ID_322,Type C,11/18/2018,719,179.39,Neutral
ID_323,Type B,11/19/2018,164,263.8,Negative
ID_324,Type C,11/20/2018,689,75.44,Negative
ID_325,Type A,11/21/2018,525,329.43,Negative
ID_326,Type D,11/22/2018,17,463.45,Positive
ID_327,Type C,11/23/2018,510,249.23,Neutral
ID_328,Type D,11/24/2018,48,89.2,Neutral
ID_329,Type A,11/25/2018,210,273.69,Positive
ID_330,Type B,11/26/2018,619,270.13,Neutral
ID_331,Type C,11/27/2018,822,303.59,Negative
ID_332,Type C,11/28/2018,368,170.99,Positive
ID_333,Type D,11/29/2018,637,21.63,Neutral
ID_334,Type D,11/30/2018,162,285.92,Positive
ID_335,Type A,12/1/2018,499,164.67,Negative
ID_336,Type A,12/2/2018,269,149.75,Negative
ID_337,Type B,12/3/2018,470,41.66,Negative
ID_338,Type D,12/4/2018,243,270.04,Neutral
ID_339,Type A,12/5/2018,890,123.56,Positive
ID_340,Type A,12/6/2018,681,153.97,Negative
ID_341,Type B,12/7/2018,535,219.74,Negative
ID_342,Type C,12/8/2018,437,158.96,Negative
ID_343,Type B,12/9/2018,66,51.27,Negative
ID_344,Type D,12/10/2018,32,387.56,Neutral
ID_345,Type A,12/11/2018,748,379.87,Neutral
ID_346,Type B,12/12/2018,495,461.05,Positive
ID_347,Type B,12/13/2018,539,219.89,Neutral
ID_348,Type D,12/14/2018,395,351.25,Positive
ID_349,Type A,12/15/2018,211,336.14,Negative
ID_350,Type C,12/16/2018,776,136.95,Positive
ID_351,Type C,12/17/2018,824,54.62,Neutral
ID_352,Type C,12/18/2018,651,244.65,Positive
ID_353,Type B,12/19/2018,664,342.31,Negative
ID_354,Type A,12/20/2018,891,269.5,Neutral
ID_355,Type C,12/21/2018,702,176.68,Negative
ID_356,Type D,12/22/2018,243,65.38,Neutral
ID_357,Type B,12/23/2018,970,381.43,Neutral
ID_358,Type A,12/24/2018,624,42.31,Neutral
ID_359,Type A,12/25/2018,786,396.59,Negative
ID_360,Type A,12/26/2018,194,493.73,Negative
ID_361,Type D,12/27/2018,812,490.52,Positive
ID_362,Type C,12/28/2018,41,303.16,Negative
ID_363,Type C,12/29/2018,840,142.27,Neutral
ID_364,Type B,12/30/2018,315,10.42,Negative
ID_365,Type A,12/31/2018,456,392.86,Neutral
ID_366,Type B,1/1/2019,59,152.39,Positive
ID_367,Type D,1/2/2019,123,155.46,Neutral
ID_368,Type C,1/3/2019,549,39.72,Neutral
ID_369,Type C,1/4/2019,794,169.85,Negative
ID_370,Type A,1/5/2019,998,279.92,Negative
ID_371,Type C,1/6/2019,146,385.83,Positive
ID_372,Type A,1/7/2019,756,278.25,Neutral
ID_373,Type C,1/8/2019,596,492.84,Neutral
ID_374,Type A,1/9/2019,745,336.86,Neutral
ID_375,Type C,1/10/2019,175,21.92,Negative
ID_376,Type C,1/11/2019,807,210.79,Positive
ID_377,Type B,1/12/2019,420,246.21,Negative
ID_378,Type D,1/13/2019,904,368.08,Neutral
ID_379,Type B,1/14/2019,777,443.37,Positive
ID_380,Type C,1/15/2019,751,329.58,Neutral
ID_381,Type C,1/16/2019,240,270.23,Negative
ID_382,Type B,1/17/2019,31,233.05,Positive
ID_383,Type B,1/18/2019,313,228.35,Neutral
ID_384,Type A,1/19/2019,562,499.61,Negative
ID_385,Type D,1/20/2019,548,136.32,Positive
ID_386,Type D,1/21/2019,720,332.45,Negative
ID_387,Type C,1/22/2019,129,57.16,Positive
ID_388,Type C,1/23/2019,707,24.94,Positive
ID_389,Type A,1/24/2019,517,263.46,Neutral
ID_390,Type C,1/25/2019,579,470.05,Negative
ID_391,Type C,1/26/2019,859,146.91,Positive
ID_392,Type A,1/27/2019,616,464.18,Negative
ID_393,Type A,1/28/2019,724,435.36,Neutral
ID_394,Type C,1/29/2019,922,128.95,Negative
ID_395,Type A,1/30/2019,655,454.19,Positive
ID_396,Type B,1/31/2019,616,491.61,Neutral
ID_397,Type D,2/1/2019,337,488.65,Neutral
ID_398,Type B,2/2/2019,201,98.98,Negative
ID_399,Type A,2/3/2019,54,464.46,Neutral
ID_400,Type A,2/4/2019,251,271.73,Positive
ID_401,Type D,2/5/2019,944,55,Positive
ID_402,Type D,2/6/2019,490,317.76,Neutral
ID_403,Type B,2/7/2019,43,278.9,Negative
ID_404,Type C,2/8/2019,816,36.32,Positive
ID_405,Type B,2/9/2019,314,258.46,Neutral
ID_406,Type B,2/10/2019,18,65.48,Positive
ID_407,Type A,2/11/2019,827,477.96,Neutral
ID_408,Type D,2/12/2019,950,143.8,Negative
ID_409,Type D,2/13/2019,227,43.22,Negative
ID_410,Type D,2/14/2019,545,218.88,Negative
ID_411,Type B,2/15/2019,625,117.82,Positive
ID_412,Type B,2/16/2019,993,135.79,Neutral
ID_413,Type A,2/17/2019,46,152,Positive
ID_414,Type B,2/18/2019,669,451.31,Negative
ID_415,Type C,2/19/2019,472,76.36,Positive
ID_416,Type B,2/20/2019,227,306.41,Negative
ID_417,Type A,2/21/2019,802,319.62,Positive
ID_418,Type B,2/22/2019,470,39.3,Negative
ID_419,Type A,2/23/2019,789,494.01,Positive
ID_420,Type C,2/24/2019,776,426.1,Positive
ID_421,Type A,2/25/2019,668,394.02,Neutral
ID_422,Type A,2/26/2019,87,215.96,Negative
ID_423,Type B,2/27/2019,374,215.19,Positive
ID_424,Type C,2/28/2019,974,31.68,Positive
ID_425,Type D,3/1/2019,558,234.1,Negative
ID_426,Type A,3/2/2019,629,160.86,Positive
ID_427,Type D,3/3/2019,168,234.6,Positive
ID_428,Type B,3/4/2019,969,191.85,Negative
ID_429,Type D,3/5/2019,27,38.6,Positive
ID_430,Type A,3/6/2019,977,344.34,Negative
ID_431,Type D,3/7/2019,429,374.25,Negative
ID_432,Type C,3/8/2019,898,303.27,Positive
ID_433,Type D,3/9/2019,213,309.12,Positive
ID_434,Type A,3/10/2019,121,150.23,Neutral
ID_435,Type B,3/11/2019,398,464.67,Negative
ID_436,Type A,3/12/2019,112,254.05,Negative
ID_437,Type A,3/13/2019,281,361.43,Positive
ID_438,Type A,3/14/2019,595,327.48,Positive
ID_439,Type B,3/15/2019,189,330.78,Neutral
ID_440,Type B,3/16/2019,470,153.59,Neutral
ID_441,Type C,3/17/2019,143,439.53,Positive
ID_442,Type D,3/18/2019,53,148.6,Negative
ID_443,Type A,3/19/2019,985,354.57,Positive
ID_444,Type A,3/20/2019,879,63.93,Neutral
ID_445,Type D,3/21/2019,150,489.12,Positive
ID_446,Type D,3/22/2019,522,499.27,Negative
ID_447,Type B,3/23/2019,72,304.98,Positive
ID_448,Type A,3/24/2019,895,151.99,Negative
ID_449,Type B,3/25/2019,25,312.32,Neutral
ID_450,Type A,3/26/2019,870,211.79,Positive
ID_451,Type C,3/27/2019,170,422.26,Negative
ID_452,Type C,3/28/2019,331,312.05,Positive
ID_453,Type C,3/29/2019,741,157.26,Positive
ID_454,Type A,3/30/2019,549,185.26,Negative
ID_455,Type A,3/31/2019,627,153.76,Neutral
ID_456,Type B,4/1/2019,737,450.02,Neutral
ID_457,Type B,4/2/2019,583,83.07,Negative
ID_458,Type A,4/3/2019,767,182.07,Positive
ID_459,Type B,4/4/2019,126,18.68,Neutral
ID_460,Type A,4/5/2019,635,82.14,Neutral
ID_461,Type D,4/6/2019,534,493.86,Negative
ID_462,Type C,4/7/2019,740,349.14,Negative
ID_463,Type B,4/8/2019,198,245.92,Neutral
ID_464,Type C,4/9/2019,810,67.03,Negative
ID_465,Type A,4/10/2019,573,431.97,Neutral
ID_466,Type A,4/11/2019,743,58.58,Negative
ID_467,Type B,4/12/2019,404,115.87,Neutral
ID_468,Type A,4/13/2019,574,111.05,Positive
ID_469,Type B,4/14/2019,132,136.42,Neutral
ID_470,Type D,4/15/2019,623,325.62,Negative
ID_471,Type D,4/16/2019,12,210.63,Positive
ID_472,Type A,4/17/2019,468,87.95,Negative
ID_473,Type A,4/18/2019,89,62.55,Neutral
ID_474,Type D,4/19/2019,854,232.29,Positive
ID_475,Type C,4/20/2019,256,56.74,Negative
ID_476,Type D,4/21/2019,558,251.59,Positive
ID_477,Type B,4/22/2019,219,205.01,Neutral
ID_478,Type C,4/23/2019,662,333.82,Negative
ID_479,Type C,4/24/2019,618,328.88,Neutral
ID_480,Type D,4/25/2019,986,468.05,Negative
ID_481,Type C,4/26/2019,986,197.6,Positive
ID_482,Type D,4/27/2019,192,130.79,Negative
ID_483,Type C,4/28/2019,70,262.22,Neutral
ID_484,Type D,4/29/2019,970,221.14,Positive
ID_485,Type D,4/30/2019,158,397.51,Negative
ID_486,Type D,5/1/2019,746,337.7,Positive
ID_487,Type C,5/2/2019,327,415.93,Neutral
ID_488,Type B,5/3/2019,909,236.19,Negative
ID_489,Type B,5/4/2019,194,420.15,Positive
ID_490,Type C,5/5/2019,288,110.39,Neutral
ID_491,Type B,5/6/2019,647,288.9,Positive
ID_492,Type B,5/7/2019,765,211.48,Positive
ID_493,Type D,5/8/2019,105,416.03,Negative
ID_494,Type B,5/9/2019,355,45.43,Positive
ID_495,Type D,5/10/2019,214,466.24,Neutral
ID_496,Type A,5/11/2019,378,294.25,Positive
ID_497,Type A,5/12/2019,925,101.69,Negative
ID_498,Type B,5/13/2019,197,61.55,Positive
ID_499,Type D,5/14/2019,651,125.86,Neutral
ID_500,Type D,5/15/2019,835,13.47,Positive
ID_501,Type D,5/16/2019,880,89.1,Negative
ID_502,Type D,5/17/2019,633,281.04,Negative
ID_503,Type D,5/18/2019,388,289.87,Negative
ID_504,Type D,5/19/2019,373,58.64,Neutral
ID_505,Type D,5/20/2019,352,194.49,Positive
ID_506,Type D,5/21/2019,891,323.85,Neutral
ID_507,Type B,5/22/2019,943,77.87,Neutral
ID_508,Type B,5/23/2019,728,107.53,Positive
ID_509,Type C,5/24/2019,271,466.82,Positive
ID_510,Type B,5/25/2019,99,371.54,Negative
ID_511,Type D,5/26/2019,593,230.48,Positive
ID_512,Type B,5/27/2019,804,211.28,Negative
ID_513,Type C,5/28/2019,544,20.69,Positive
ID_514,Type A,5/29/2019,910,217.38,Neutral
ID_515,Type A,5/30/2019,790,334.25,Positive
ID_516,Type D,5/31/2019,917,125.54,Positive
ID_517,Type C,6/1/2019,426,313.5,Positive
ID_518,Type A,6/2/2019,867,86.56,Neutral
ID_519,Type A,6/3/2019,603,323.26,Neutral
ID_520,Type D,6/4/2019,178,265.25,Neutral
ID_521,Type A,6/5/2019,53,142.82,Neutral
ID_522,Type D,6/6/2019,650,19.78,Negative
ID_523,Type C,6/7/2019,730,233.48,Neutral
ID_524,Type A,6/8/2019,374,151.79,Negative
ID_525,Type A,6/9/2019,95,251.33,Negative
ID_526,Type D,6/10/2019,735,450.97,Positive
ID_527,Type D,6/11/2019,501,162.62,Negative
ID_528,Type D,6/12/2019,899,234.72,Neutral
ID_529,Type C,6/13/2019,572,314.03,Positive
ID_530,Type D,6/14/2019,854,449.52,Neutral
ID_531,Type C,6/15/2019,419,298.99,Negative
ID_532,Type D,6/16/2019,650,68.36,Neutral
ID_533,Type C,6/17/2019,497,69.02,Neutral
ID_534,Type A,6/18/2019,222,113.58,Neutral
ID_535,Type C,6/19/2019,291,347.47,Positive
ID_536,Type B,6/20/2019,417,290.06,Neutral
ID_537,Type B,6/21/2019,450,442.12,Positive
ID_538,Type C,6/22/2019,536,54.9,Negative
ID_539,Type C,6/23/2019,85,91.99,Positive
ID_540,Type C,6/24/2019,99,464.98,Neutral
ID_541,Type D,6/25/2019,919,442.88,Neutral
ID_542,Type B,6/26/2019,11,305.92,Negative
ID_543,Type D,6/27/2019,647,444.73,Positive
ID_544,Type C,6/28/2019,681,218.3,Negative
ID_545,Type C,6/29/2019,226,459.2,Positive
ID_546,Type D,6/30/2019,640,198.53,Negative
ID_547,Type D,7/1/2019,975,184.1,Neutral
ID_548,Type C,7/2/2019,923,23.42,Negative
ID_549,Type D,7/3/2019,118,223.95,Neutral
ID_550,Type D,7/4/2019,293,75.13,Neutral
ID_551,Type A,7/5/2019,794,202.44,Positive
ID_552,Type D,7/6/2019,959,210.16,Neutral
ID_553,Type C,7/7/2019,426,162.98,Neutral
ID_554,Type C,7/8/2019,510,481.27,Neutral
ID_555,Type C,7/9/2019,621,183.06,Positive
ID_556,Type D,7/10/2019,402,407.74,Negative
ID_557,Type A,7/11/2019,929,484.32,Negative
ID_558,Type D,7/12/2019,126,349.36,Positive
ID_559,Type A,7/13/2019,640,456.58,Neutral
ID_560,Type B,7/14/2019,599,404.43,Positive
ID_561,Type C,7/15/2019,138,194.45,Positive
ID_562,Type A,7/16/2019,920,471.24,Neutral
ID_563,Type D,7/17/2019,854,430.72,Positive
ID_564,Type A,7/18/2019,928,309.73,Neutral
ID_565,Type D,7/19/2019,353,279.61,Negative
ID_566,Type A,7/20/2019,40,42.69,Neutral
ID_567,Type A,7/21/2019,871,113.26,Neutral
ID_568,Type B,7/22/2019,358,429.41,Neutral
ID_569,Type B,7/23/2019,625,15.16,Negative
ID_570,Type B,7/24/2019,707,481.92,Negative
ID_571,Type A,7/25/2019,448,225.92,Negative
ID_572,Type D,7/26/2019,978,89.98,Negative
ID_573,Type D,7/27/2019,762,290.69,Neutral
ID_574,Type A,7/28/2019,859,299.62,Negative
ID_575,Type D,7/29/2019,320,345.97,Neutral
ID_576,Type A,7/30/2019,102,305.94,Neutral
ID_577,Type B,7/31/2019,263,424.21,Positive
ID_578,Type A,8/1/2019,62,191.07,Neutral
ID_579,Type D,8/2/2019,989,45.82,Negative
ID_580,Type B,8/3/2019,541,455.55,Neutral
ID_581,Type C,8/4/2019,355,360.05,Negative
ID_582,Type B,8/5/2019,474,243.08,Neutral
ID_583,Type C,8/6/2019,702,241.41,Negative
ID_584,Type D,8/7/2019,15,100.69,Negative
ID_585,Type A,8/8/2019,157,492.39,Neutral
ID_586,Type B,8/9/2019,94,122.67,Negative
ID_587,Type B,8/10/2019,861,74.15,Negative
ID_588,Type B,8/11/2019,928,244.29,Negative
ID_589,Type B,8/12/2019,439,80.05,Neutral
ID_590,Type B,8/13/2019,22,150.26,Neutral
ID_591,Type D,8/14/2019,558,331.37,Negative
ID_592,Type A,8/15/2019,558,305.09,Positive
ID_593,Type B,8/16/2019,654,497.79,Neutral
ID_594,Type C,8/17/2019,801,312.13,Neutral
ID_595,Type D,8/18/2019,833,128.12,Positive
ID_596,Type A,8/19/2019,223,315.92,Negative
ID_597,Type C,8/20/2019,154,28.48,Negative
ID_598,Type D,8/21/2019,241,366.87,Negative
ID_599,Type C,8/22/2019,462,499.3,Negative
ID_600,Type C,8/23/2019,429,348.07,Positive
ID_601,Type C,8/24/2019,976,146.97,Neutral
ID_602,Type D,8/25/2019,799,338.87,Negative
ID_603,Type B,8/26/2019,211,447.27,Negative
ID_604,Type B,8/27/2019,689,487.01,Neutral
ID_605,Type A,8/28/2019,38,14.06,Positive
ID_606,Type C,8/29/2019,134,419.96,Positive
ID_607,Type B,8/30/2019,631,312.94,Negative
ID_608,Type C,8/31/2019,700,331.81,Neutral
ID_609,Type A,9/1/2019,80,426.34,Positive
ID_610,Type B,9/2/2019,980,328.39,Positive
ID_611,Type B,9/3/2019,62,332.62,Positive
ID_612,Type A,9/4/2019,603,43.25,Positive
ID_613,Type D,9/5/2019,409,160.73,Positive
ID_614,Type D,9/6/2019,786,350.49,Positive
ID_615,Type B,9/7/2019,220,82.27,Positive
ID_616,Type A,9/8/2019,448,134.51,Positive
ID_617,Type A,9/9/2019,816,378.33,Positive
ID_618,Type D,9/10/2019,215,303.6,Positive
ID_619,Type B,9/11/2019,367,137.43,Positive
ID_620,Type B,9/12/2019,735,412.93,Positive
ID_621,Type A,9/13/2019,393,109.07,Negative
ID_622,Type C,9/14/2019,928,188.93,Positive
ID_623,Type D,9/15/2019,363,54.03,Neutral
ID_624,Type D,9/16/2019,279,153.68,Positive
ID_625,Type C,9/17/2019,316,275,Negative
ID_626,Type D,9/18/2019,450,116.8,Neutral
ID_627,Type D,9/19/2019,79,255.04,Neutral
ID_628,Type D,9/20/2019,959,426.24,Negative
ID_629,Type B,9/21/2019,193,420.46,Negative
ID_630,Type A,9/22/2019,443,497.53,Positive
ID_631,Type B,9/23/2019,236,55.32,Negative
ID_632,Type B,9/24/2019,76,90.22,Neutral
ID_633,Type C,9/25/2019,351,382.99,Negative
ID_634,Type D,9/26/2019,608,205.91,Neutral
ID_635,Type B,9/27/2019,550,77.7,Negative
ID_636,Type D,9/28/2019,348,339.71,Negative
ID_637,Type C,9/29/2019,401,27.76,Negative
ID_638,Type D,9/30/2019,826,441.65,Negative
ID_639,Type D,10/1/2019,899,292.38,Neutral
ID_640,Type B,10/2/2019,720,109.27,Neutral
ID_641,Type C,10/3/2019,223,51.78,Negative
ID_642,Type A,10/4/2019,533,229.58,Negative
ID_643,Type A,10/5/2019,843,261.68,Positive
ID_644,Type D,10/6/2019,903,440.61,Positive
ID_645,Type C,10/7/2019,692,348.27,Negative
ID_646,Type B,10/8/2019,798,273.4,Negative
ID_647,Type D,10/9/2019,271,462.4,Neutral
ID_648,Type A,10/10/2019,603,181.71,Positive
ID_649,Type C,10/11/2019,537,295.51,Positive
ID_650,Type D,10/12/2019,136,496.22,Neutral
ID_651,Type C,10/13/2019,65,263.72,Positive
ID_652,Type D,10/14/2019,179,193.4,Negative
ID_653,Type B,10/15/2019,807,207.83,Positive
ID_654,Type B,10/16/2019,869,44.14,Negative
ID_655,Type C,10/17/2019,644,391.54,Positive
ID_656,Type D,10/18/2019,933,52.03,Negative
ID_657,Type B,10/19/2019,702,396.12,Negative
ID_658,Type C,10/20/2019,400,371.44,Positive
ID_659,Type B,10/21/2019,430,229.52,Negative
ID_660,Type C,10/22/2019,638,197.07,Positive
ID_661,Type D,10/23/2019,347,274.02,Neutral
ID_662,Type C,10/24/2019,972,443.51,Neutral
ID_663,Type D,10/25/2019,419,246.38,Positive
ID_664,Type B,10/26/2019,516,296.78,Neutral
ID_665,Type C,10/27/2019,264,124.67,Positive
ID_666,Type B,10/28/2019,58,128.83,Positive
ID_667,Type C,10/29/2019,893,58.06,Positive
ID_668,Type A,10/30/2019,520,485.95,Positive
ID_669,Type A,10/31/2019,142,245.66,Negative
ID_670,Type C,11/1/2019,337,163.46,Neutral
ID_671,Type D,11/2/2019,96,470.47,Positive
ID_672,Type B,11/3/2019,739,489.08,Negative
ID_673,Type D,11/4/2019,758,193.75,Neutral
ID_674,Type B,11/5/2019,860,34.86,Neutral
ID_675,Type D,11/6/2019,247,420.94,Negative
ID_676,Type A,11/7/2019,939,361.73,Negative
ID_677,Type A,11/8/2019,928,356.36,Neutral
ID_678,Type C,11/9/2019,619,183.66,Neutral
ID_679,Type C,11/10/2019,401,454.76,Positive
ID_680,Type A,11/11/2019,616,340.11,Positive
ID_681,Type D,11/12/2019,968,225.73,Negative
ID_682,Type B,11/13/2019,964,191.67,Neutral
ID_683,Type D,11/14/2019,316,346.95,Neutral
ID_684,Type A,11/15/2019,924,376.39,Positive
ID_685,Type C,11/16/2019,359,354.19,Positive
ID_686,Type B,11/17/2019,208,395.71,Neutral
ID_687,Type A,11/18/2019,592,40.05,Negative
ID_688,Type A,11/19/2019,190,350.72,Neutral
ID_689,Type C,11/20/2019,244,434.28,Neutral
ID_690,Type D,11/21/2019,263,81.73,Neutral
ID_691,Type C,11/22/2019,391,328.48,Negative
ID_692,Type A,11/23/2019,813,104.87,Positive
ID_693,Type A,11/24/2019,149,308.44,Neutral
ID_694,Type B,11/25/2019,57,344.22,Positive
ID_695,Type B,11/26/2019,605,294.52,Positive
ID_696,Type C,11/27/2019,107,268.64,Neutral
ID_697,Type B,11/28/2019,483,128.88,Positive
ID_698,Type D,11/29/2019,101,359.24,Negative
ID_699,Type C,11/30/2019,740,190.6,Neutral
ID_700,Type B,12/1/2019,664,60.56,Negative
ID_701,Type A,12/2/2019,910,70.52,Neutral
ID_702,Type D,12/3/2019,841,293.61,Positive
ID_703,Type A,12/4/2019,136,331.47,Neutral
ID_704,Type B,12/5/2019,514,360.64,Positive
ID_705,Type D,12/6/2019,977,40.35,Neutral
ID_706,Type A,12/7/2019,247,362.45,Neutral
ID_707,Type B,12/8/2019,968,428.29,Neutral
ID_708,Type B,12/9/2019,769,406.28,Negative
ID_709,Type D,12/10/2019,569,379.96,Negative
ID_710,Type A,12/11/2019,546,483.46,Positive
ID_711,Type A,12/12/2019,723,16.77,Negative
ID_712,Type C,12/13/2019,544,100.85,Positive
ID_713,Type D,12/14/2019,584,367.32,Positive
ID_714,Type D,12/15/2019,509,49.53,Neutral
ID_715,Type A,12/16/2019,153,196.79,Neutral
ID_716,Type B,12/17/2019,444,303.62,Neutral
ID_717,Type C,12/18/2019,999,145.11,Negative
ID_718,Type D,12/19/2019,229,168.58,Neutral
ID_719,Type D,12/20/2019,800,458.37,Negative
ID_720,Type B,12/21/2019,416,397.39,Neutral
ID_721,Type D,12/22/2019,65,71.82,Positive
ID_722,Type B,12/23/2019,179,278.47,Neutral
ID_723,Type C,12/24/2019,403,470.67,Neutral
ID_724,Type A,12/25/2019,673,110.68,Neutral
ID_725,Type D,12/26/2019,906,73.06,Negative
ID_726,Type B,12/27/2019,382,241.7,Neutral
ID_727,Type D,12/28/2019,517,141.91,Negative
ID_728,Type B,12/29/2019,481,340.57,Negative
ID_729,Type B,12/30/2019,640,99.06,Neutral
ID_730,Type D,12/31/2019,818,65.57,Negative
ID_731,Type A,1/1/2020,125,255.92,Negative
ID_732,Type D,1/2/2020,755,56.18,Negative
ID_733,Type C,1/3/2020,29,289.8,Positive
ID_734,Type C,1/4/2020,224,219.6,Negative
ID_735,Type B,1/5/2020,686,120.34,Neutral
ID_736,Type B,1/6/2020,29,152.39,Neutral
ID_737,Type A,1/7/2020,840,61.36,Negative
ID_738,Type A,1/8/2020,51,336.32,Neutral
ID_739,Type B,1/9/2020,196,487.76,Positive
ID_740,Type A,1/10/2020,333,70.6,Neutral
ID_741,Type B,1/11/2020,174,81.09,Positive
ID_742,Type D,1/12/2020,51,18.56,Negative
ID_743,Type B,1/13/2020,774,18.96,Positive
ID_744,Type B,1/14/2020,671,399.49,Neutral
ID_745,Type A,1/15/2020,660,251.51,Negative
ID_746,Type D,1/16/2020,96,203.83,Negative
ID_747,Type B,1/17/2020,296,166.23,Neutral
ID_748,Type D,1/18/2020,614,498.01,Positive
ID_749,Type A,1/19/2020,102,349.68,Positive
ID_750,Type B,1/20/2020,965,145.07,Negative
ID_751,Type A,1/21/2020,931,436.96,Negative
ID_752,Type A,1/22/2020,420,45.82,Negative
ID_753,Type D,1/23/2020,966,368.14,Negative
ID_754,Type C,1/24/2020,720,408.18,Neutral
ID_755,Type D,1/25/2020,313,154.05,Positive
ID_756,Type C,1/26/2020,52,130.48,Positive
ID_757,Type B,1/27/2020,560,134.37,Neutral
ID_758,Type A,1/28/2020,179,397.39,Negative
ID_759,Type A,1/29/2020,524,102.26,Positive
ID_760,Type D,1/30/2020,625,469.46,Positive
ID_761,Type D,1/31/2020,698,142.56,Neutral
ID_762,Type A,2/1/2020,183,216.43,Neutral
ID_763,Type C,2/2/2020,607,188.74,Positive
ID_764,Type B,2/3/2020,737,44.37,Positive
ID_765,Type D,2/4/2020,202,450.81,Positive
ID_766,Type D,2/5/2020,214,430.57,Negative
ID_767,Type B,2/6/2020,809,222.48,Negative
ID_768,Type B,2/7/2020,722,158.13,Neutral
ID_769,Type B,2/8/2020,81,216.55,Positive
ID_770,Type A,2/9/2020,763,77.85,Negative
ID_771,Type A,2/10/2020,703,109.06,Negative
ID_772,Type A,2/11/2020,348,34.01,Neutral
ID_773,Type B,2/12/2020,577,176.42,Positive
ID_774,Type A,2/13/2020,664,420.4,Positive
ID_775,Type B,2/14/2020,25,15.18,Positive
ID_776,Type B,2/15/2020,521,12.11,Neutral
ID_777,Type D,2/16/2020,833,109.65,Negative
ID_778,Type D,2/17/2020,530,489.77,Negative
ID_779,Type A,2/18/2020,440,248.91,Negative
ID_780,Type A,2/19/2020,528,267.55,Negative
ID_781,Type D,2/20/2020,836,433.58,Positive
ID_782,Type C,2/21/2020,780,417.11,Positive
ID_783,Type D,2/22/2020,161,328.4,Negative
ID_784,Type C,2/23/2020,916,476.54,Negative
ID_785,Type B,2/24/2020,458,271.05,Neutral
ID_786,Type A,2/25/2020,702,381.62,Positive
ID_787,Type A,2/26/2020,942,54.51,Neutral
ID_788,Type A,2/27/2020,935,170.46,Negative
ID_789,Type C,2/28/2020,539,292.41,Neutral
ID_790,Type B,2/29/2020,830,456.93,Positive
ID_791,Type B,3/1/2020,740,296.8,Neutral
ID_792,Type B,3/2/2020,356,116.78,Negative
ID_793,Type B,3/3/2020,442,53.42,Negative
ID_794,Type D,3/4/2020,268,242.6,Neutral
ID_795,Type C,3/5/2020,380,448.84,Positive
ID_796,Type D,3/6/2020,214,73.82,Negative
ID_797,Type C,3/7/2020,779,465.14,Positive
ID_798,Type A,3/8/2020,289,343.19,Negative
ID_799,Type C,3/9/2020,498,453.87,Neutral
ID_800,Type B,3/10/2020,629,184.85,Positive
ID_801,Type D,3/11/2020,628,31.97,Negative
ID_802,Type A,3/12/2020,555,284.96,Negative
ID_803,Type B,3/13/2020,987,233.25,Positive
ID_804,Type B,3/14/2020,509,101.92,Positive
ID_805,Type C,3/15/2020,605,77.18,Negative
ID_806,Type C,3/16/2020,544,478.24,Negative
ID_807,Type C,3/17/2020,586,227.58,Neutral
ID_808,Type A,3/18/2020,521,262.92,Neutral
ID_809,Type C,3/19/2020,444,308.7,Positive
ID_810,Type D,3/20/2020,428,269.46,Positive
ID_811,Type C,3/21/2020,204,313.41,Positive
ID_812,Type A,3/22/2020,544,85.24,Neutral
ID_813,Type A,3/23/2020,98,70.3,Positive
ID_814,Type B,3/24/2020,269,354.22,Negative
ID_815,Type D,3/25/2020,293,72.48,Positive
ID_816,Type C,3/26/2020,725,164.35,Positive
ID_817,Type A,3/27/2020,634,339.33,Negative
ID_818,Type B,3/28/2020,847,43.77,Neutral
ID_819,Type D,3/29/2020,234,314.79,Positive
ID_820,Type C,3/30/2020,938,375.25,Positive
ID_821,Type C,3/31/2020,666,103.35,Positive
ID_822,Type C,4/1/2020,841,365.08,Negative
ID_823,Type A,4/2/2020,272,284.51,Positive
ID_824,Type D,4/3/2020,370,131.07,Positive
ID_825,Type A,4/4/2020,723,178.89,Neutral
ID_826,Type C,4/5/2020,199,24.78,Positive
ID_827,Type B,4/6/2020,278,100.22,Positive
ID_828,Type D,4/7/2020,862,382.63,Positive
ID_829,Type C,4/8/2020,276,392.6,Neutral
ID_830,Type A,4/9/2020,233,90.75,Neutral
ID_831,Type D,4/10/2020,443,100.64,Neutral
ID_832,Type A,4/11/2020,797,80.26,Negative
ID_833,Type A,4/12/2020,742,37.58,Neutral
ID_834,Type C,4/13/2020,988,144.81,Positive
ID_835,Type B,4/14/2020,23,159.53,Negative
ID_836,Type A,4/15/2020,283,319.39,Positive
ID_837,Type B,4/16/2020,367,495.49,Neutral
ID_838,Type B,4/17/2020,710,97.81,Neutral
ID_839,Type A,4/18/2020,560,132.79,Positive
ID_840,Type A,4/19/2020,200,69.36,Positive
ID_841,Type B,4/20/2020,547,122.69,Positive
ID_842,Type A,4/21/2020,927,495.96,Neutral
ID_843,Type C,4/22/2020,920,463.75,Neutral
ID_844,Type D,4/23/2020,757,445.32,Positive
ID_845,Type D,4/24/2020,902,284.81,Negative
ID_846,Type B,4/25/2020,4,161.43,Negative
ID_847,Type D,4/26/2020,63,283.3,Positive
ID_848,Type D,4/27/2020,584,42.06,Positive
ID_849,Type C,4/28/2020,699,360.96,Negative
ID_850,Type D,4/29/2020,632,124.02,Negative
ID_851,Type A,4/30/2020,783,406.81,Positive
ID_852,Type D,5/1/2020,640,143.78,Positive
ID_853,Type D,5/2/2020,487,300.48,Positive
ID_854,Type B,5/3/2020,782,66.65,Neutral
ID_855,Type B,5/4/2020,320,233.35,Negative
ID_856,Type B,5/5/2020,135,276.42,Negative
ID_857,Type A,5/6/2020,384,184.52,Neutral
ID_858,Type A,5/7/2020,597,472.14,Negative
ID_859,Type B,5/8/2020,174,141.05,Negative
ID_860,Type B,5/9/2020,381,135.68,Negative
ID_861,Type B,5/10/2020,181,496.19,Negative
ID_862,Type C,5/11/2020,743,83.24,Positive
ID_863,Type A,5/12/2020,696,55.9,Neutral
ID_864,Type A,5/13/2020,420,188.6,Neutral
ID_865,Type A,5/14/2020,95,287.93,Neutral
ID_866,Type D,5/15/2020,202,185.4,Positive
ID_867,Type D,5/16/2020,249,207.51,Positive
ID_868,Type A,5/17/2020,719,136.17,Positive
ID_869,Type D,5/18/2020,174,45.3,Neutral
ID_870,Type A,5/19/2020,135,455.59,Neutral
ID_871,Type C,5/20/2020,167,318.42,Neutral
ID_872,Type A,5/21/2020,970,310.21,Negative
ID_873,Type B,5/22/2020,853,443.28,Neutral
ID_874,Type A,5/23/2020,502,242.31,Positive
ID_875,Type B,5/24/2020,309,400.97,Neutral
ID_876,Type D,5/25/2020,308,492.69,Negative
ID_877,Type B,5/26/2020,235,406.69,Positive
ID_878,Type B,5/27/2020,474,227.37,Negative
ID_879,Type B,5/28/2020,77,388.74,Positive
ID_880,Type C,5/29/2020,576,343.38,Neutral
ID_881,Type B,5/30/2020,812,497.1,Positive
ID_882,Type B,5/31/2020,817,325.01,Positive
ID_883,Type A,6/1/2020,693,27.96,Positive
ID_884,Type D,6/2/2020,597,135.88,Neutral
ID_885,Type B,6/3/2020,826,384.94,Neutral
ID_886,Type B,6/4/2020,941,68.38,Positive
ID_887,Type B,6/5/2020,157,471.74,Negative
ID_888,Type D,6/6/2020,776,244.73,Negative
ID_889,Type D,6/7/2020,790,35.31,Neutral
ID_890,Type B,6/8/2020,866,315.67,Neutral
ID_891,Type B,6/9/2020,753,140.29,Neutral
ID_892,Type D,6/10/2020,936,291.13,Neutral
ID_893,Type C,6/11/2020,787,304.17,Negative
ID_894,Type A,6/12/2020,984,352.75,Neutral
ID_895,Type A,6/13/2020,81,332.84,Negative
ID_896,Type B,6/14/2020,778,479.32,Positive
ID_897,Type D,6/15/2020,484,380.41,Positive
ID_898,Type B,6/16/2020,930,320.76,Neutral
ID_899,Type B,6/17/2020,570,218.16,Negative
ID_900,Type D,6/18/2020,848,119.27,Negative
ID_901,Type C,6/19/2020,646,280.94,Negative
ID_902,Type A,6/20/2020,897,407.49,Positive
ID_903,Type D,6/21/2020,118,131.13,Positive
ID_904,Type C,6/22/2020,135,72.55,Positive
ID_905,Type A,6/23/2020,431,89.99,Negative
ID_906,Type D,6/24/2020,415,149.57,Negative
ID_907,Type A,6/25/2020,831,37.37,Neutral
ID_908,Type C,6/26/2020,137,51.07,Positive
ID_909,Type B,6/27/2020,987,261.02,Neutral
ID_910,Type A,6/28/2020,310,242.74,Negative
ID_911,Type A,6/29/2020,479,331.99,Positive
ID_912,Type A,6/30/2020,977,185.5,Neutral
ID_913,Type C,7/1/2020,368,111.32,Neutral
ID_914,Type B,7/2/2020,855,208.45,Negative
ID_915,Type C,7/3/2020,764,77.86,Positive
ID_916,Type A,7/4/2020,384,82.48,Negative
ID_917,Type D,7/5/2020,732,428.87,Positive
ID_918,Type C,7/6/2020,281,312.11,Negative
ID_919,Type D,7/7/2020,209,390.69,Negative
ID_920,Type A,7/8/2020,533,449.03,Negative
ID_921,Type B,7/9/2020,44,268.6,Neutral
ID_922,Type B,7/10/2020,449,316.97,Neutral
ID_923,Type C,7/11/2020,779,128.47,Negative
ID_924,Type A,7/12/2020,568,35.85,Neutral
ID_925,Type A,7/13/2020,965,487.63,Negative
ID_926,Type D,7/14/2020,105,477.9,Positive
ID_927,Type A,7/15/2020,960,220.13,Neutral
ID_928,Type A,7/16/2020,784,402.72,Neutral
ID_929,Type A,7/17/2020,568,454.08,Negative
ID_930,Type C,7/18/2020,74,225.26,Neutral
ID_931,Type A,7/19/2020,888,190.52,Negative
ID_932,Type A,7/20/2020,89,230.18,Neutral
ID_933,Type A,7/21/2020,808,433.46,Neutral
ID_934,Type A,7/22/2020,119,455.25,Positive
ID_935,Type A,7/23/2020,238,98.79,Negative
ID_936,Type A,7/24/2020,318,248.29,Positive
ID_937,Type B,7/25/2020,555,393.3,Positive
ID_938,Type C,7/26/2020,500,230.53,Neutral
ID_939,Type C,7/27/2020,628,75.51,Negative
ID_940,Type D,7/28/2020,301,40.3,Negative
ID_941,Type C,7/29/2020,640,302.28,Positive
ID_942,Type C,7/30/2020,468,432.8,Neutral
ID_943,Type D,7/31/2020,417,133.54,Neutral
ID_944,Type A,8/1/2020,886,383.34,Positive
ID_945,Type B,8/2/2020,212,419.81,Neutral
ID_946,Type C,8/3/2020,179,302.3,Negative
ID_947,Type B,8/4/2020,79,290.28,Neutral
ID_948,Type C,8/5/2020,736,471.43,Positive
ID_949,Type A,8/6/2020,179,287.07,Negative
ID_950,Type B,8/7/2020,855,340.69,Negative
ID_951,Type A,8/8/2020,430,26.69,Positive
ID_952,Type B,8/9/2020,170,162.23,Negative
ID_953,Type B,8/10/2020,183,239.39,Positive
ID_954,Type D,8/11/2020,709,326.8,Negative
ID_955,Type C,8/12/2020,837,339.86,Neutral
ID_956,Type B,8/13/2020,806,235.99,Positive
ID_957,Type D,8/14/2020,371,487.33,Negative
ID_958,Type C,8/15/2020,181,215.37,Negative
ID_959,Type B,8/16/2020,976,441.55,Negative
ID_960,Type D,8/17/2020,826,171.31,Positive
ID_961,Type B,8/18/2020,753,313.24,Negative
ID_962,Type C,8/19/2020,492,396.39,Negative
ID_963,Type A,8/20/2020,618,42.75,Positive
ID_964,Type D,8/21/2020,136,272.55,Neutral
ID_965,Type D,8/22/2020,772,304.95,Positive
ID_966,Type D,8/23/2020,806,301.39,Positive
ID_967,Type D,8/24/2020,335,227.22,Neutral
ID_968,Type C,8/25/2020,86,434.63,Negative
ID_969,Type C,8/26/2020,121,49.05,Neutral
ID_970,Type B,8/27/2020,136,237.75,Negative
ID_971,Type B,8/28/2020,411,350.91,Neutral
ID_972,Type D,8/29/2020,19,60.43,Positive
ID_973,Type C,8/30/2020,129,381.67,Neutral
ID_974,Type C,8/31/2020,267,451.82,Negative
ID_975,Type B,9/1/2020,267,163.25,Neutral
ID_976,Type C,9/2/2020,739,303.97,Positive
ID_977,Type D,9/3/2020,538,393.14,Positive
ID_978,Type B,9/4/2020,864,258.93,Neutral
ID_979,Type D,9/5/2020,742,460.11,Positive
ID_980,Type C,9/6/2020,795,357.42,Neutral
ID_981,Type D,9/7/2020,62,61.35,Negative
ID_982,Type B,9/8/2020,274,362.72,Neutral
ID_983,Type C,9/9/2020,908,56.44,Positive
ID_984,Type B,9/10/2020,379,281.95,Negative
ID_985,Type D,9/11/2020,786,108.5,Positive
ID_986,Type D,9/12/2020,752,142.54,Negative
ID_987,Type B,9/13/2020,968,29.1,Negative
ID_988,Type C,9/14/2020,87,359.89,Positive
ID_989,Type A,9/15/2020,164,362,Positive
ID_990,Type A,9/16/2020,490,49.41,Negative
ID_991,Type D,9/17/2020,722,332.05,Negative
ID_992,Type B,9/18/2020,243,439.99,Neutral
ID_993,Type C,9/19/2020,620,36.3,Negative
ID_994,Type A,9/20/2020,619,479.31,Negative
ID_995,Type C,9/21/2020,42,159.59,Positive
ID_996,Type A,9/22/2020,641,288.26,Negative
ID_997,Type D,9/23/2020,589,300.03,Negative
ID_998,Type D,9/24/2020,457,466.66,Neutral
ID_999,Type A,9/25/2020,87,405.87,Negative
ID_1000,Type A,9/26/2020,312,190.83,Negative
